Id,Relation
6639,Expansion
6640,Expansion
6641,Expansion
6642,Expansion
6643,Expansion
6644,Expansion
6645,Expansion
6646,Expansion
6647,Expansion
6648,Expansion
6649,Expansion
6650,Expansion
6651,Expansion
6652,Expansion
6653,Expansion
6654,Expansion
6655,Expansion
6656,Expansion
6657,Expansion
6658,Expansion
6659,Expansion
6660,Expansion
6661,Expansion
6662,Expansion
6663,Expansion
6664,Expansion
6665,Expansion
6666,Expansion
6667,Expansion
6668,Expansion
6669,Expansion
6670,Expansion
6671,Expansion
6672,Expansion
6673,Expansion
6674,Expansion
6675,Expansion
6676,Expansion
6677,Expansion
6678,Expansion
6679,Expansion
6680,Expansion
6681,Expansion
6682,Expansion
6683,Expansion
6684,Expansion
6685,Expansion
6686,Expansion
6687,Expansion
6688,Expansion
6689,Expansion
6690,Expansion
6691,Expansion
6692,Expansion
6693,Expansion
6694,Expansion
6695,Expansion
6696,Expansion
6697,Expansion
6698,Expansion
6699,Expansion
6700,Expansion
6701,Expansion
6702,Expansion
6703,Expansion
6704,Expansion
6705,Expansion
6706,Expansion
6707,Expansion
6708,Expansion
6709,Expansion
6710,Expansion
6711,Expansion
6712,Expansion
6713,Expansion
6714,Expansion
6715,Expansion
6716,Expansion
6717,Expansion
6718,Expansion
6719,Expansion
6720,Expansion
6721,Expansion
6722,Expansion
6723,Expansion
6724,Expansion
6725,Expansion
6726,Expansion
6727,Expansion
6728,Expansion
6729,Expansion
6730,Expansion
6731,Expansion
6732,Expansion
6733,Expansion
6734,Expansion
6735,Expansion
6736,Expansion
6737,Expansion
6738,Expansion
6739,Expansion
6740,Expansion
6741,Expansion
6742,Expansion
6743,Expansion
6744,Expansion
6745,Expansion
6746,Expansion
6747,Expansion
6748,Expansion
6749,Expansion
6750,Expansion
6751,Expansion
6752,Expansion
6753,Expansion
6754,Expansion
6755,Expansion
6756,Expansion
6757,Expansion
6758,Expansion
6759,Expansion
6760,Expansion
6761,Expansion
6762,Expansion
6763,Expansion
6764,Expansion
6765,Expansion
6766,Expansion
6767,Expansion
6768,Expansion
6769,Expansion
6770,Expansion
6771,Expansion
6772,Expansion
6773,Expansion
6774,Expansion
6775,Expansion
6776,Expansion
6777,Expansion
6778,Expansion
6779,Expansion
6780,Expansion
6781,Expansion
6782,Expansion
6783,Expansion
6784,Expansion
6785,Expansion
6786,Expansion
6787,Expansion
6788,Expansion
6789,Expansion
6790,Expansion
6791,Expansion
6792,Expansion
6793,Expansion
6794,Expansion
6795,Expansion
6796,Expansion
6797,Expansion
6798,Expansion
6799,Expansion
6800,Expansion
6801,Expansion
6802,Expansion
6803,Expansion
6804,Expansion
6805,Expansion
6806,Expansion
6807,Expansion
6808,Expansion
6809,Expansion
6810,Expansion
6811,Expansion
6812,Expansion
6813,Expansion
6814,Expansion
6815,Expansion
6816,Expansion
6817,Expansion
6818,Expansion
6819,Expansion
6820,Expansion
6821,Expansion
6822,Expansion
6823,Expansion
6824,Expansion
6825,Expansion
6826,Expansion
6827,Expansion
6828,Expansion
6829,Expansion
6830,Expansion
6831,Expansion
6832,Expansion
6833,Expansion
6834,Expansion
6835,Expansion
6836,Expansion
6837,Expansion
6838,Expansion
6839,Expansion
6840,Expansion
6841,Expansion
6842,Expansion
6843,Expansion
6844,Expansion
6845,Expansion
6846,Expansion
6847,Expansion
6848,Expansion
6849,Expansion
6850,Expansion
6851,Expansion
6852,Expansion
6853,Expansion
6854,Expansion
6855,Expansion
6856,Expansion
6857,Expansion
6858,Expansion
6859,Expansion
6860,Expansion
6861,Expansion
6862,Expansion
6863,Expansion
6864,Expansion
6865,Expansion
6866,Expansion
6867,Expansion
6868,Expansion
6869,Expansion
6870,Expansion
6871,Expansion
6872,Expansion
6873,Expansion
6874,Expansion
6875,Expansion
6876,Expansion
6877,Expansion
6878,Expansion
6879,Expansion
6880,Expansion
6881,Expansion
6882,Expansion
6883,Expansion
6884,Expansion
6885,Expansion
6886,Expansion
6887,Expansion
6888,Expansion
6889,Expansion
6890,Expansion
6891,Expansion
6892,Expansion
6893,Expansion
6894,Expansion
6895,Expansion
6896,Expansion
6897,Expansion
6898,Expansion
6899,Expansion
6900,Expansion
6901,Expansion
6902,Expansion
6903,Expansion
6904,Expansion
6905,Expansion
6906,Expansion
6907,Expansion
6908,Expansion
6909,Expansion
6910,Expansion
6911,Expansion
6912,Expansion
6913,Expansion
6914,Expansion
6915,Expansion
6916,Expansion
6917,Expansion
6918,Expansion
6919,Expansion
6920,Expansion
6921,Expansion
6922,Expansion
6923,Expansion
6924,Expansion
6925,Expansion
6926,Expansion
6927,Expansion
6928,Expansion
6929,Expansion
6930,Expansion
6931,Expansion
6932,Expansion
6933,Expansion
6934,Expansion
6935,Expansion
6936,Expansion
6937,Expansion
6938,Expansion
6939,Expansion
6940,Expansion
6941,Expansion
6942,Expansion
6943,Expansion
6944,Expansion
6945,Expansion
6946,Expansion
6947,Expansion
6948,Expansion
6949,Expansion
6950,Expansion
6951,Expansion
6952,Expansion
6953,Expansion
6954,Expansion
6955,Expansion
6956,Expansion
6957,Expansion
6958,Expansion
6959,Expansion
6960,Expansion
6961,Expansion
6962,Expansion
6963,Expansion
6964,Expansion
6965,Expansion
6966,Expansion
6967,Expansion
6968,Expansion
6969,Expansion
6970,Expansion
6971,Expansion
6972,Expansion
6973,Expansion
6974,Expansion
6975,Expansion
6976,Expansion
6977,Expansion
6978,Expansion
6979,Expansion
6980,Expansion
6981,Expansion
6982,Expansion
6983,Expansion
6984,Expansion
6985,Expansion
6986,Expansion
6987,Expansion
6988,Expansion
6989,Expansion
6990,Expansion
6991,Expansion
6992,Expansion
6993,Expansion
6994,Expansion
6995,Expansion
6996,Expansion
6997,Expansion
6998,Expansion
6999,Expansion
7000,Expansion
7001,Expansion
7002,Expansion
7003,Expansion
7004,Expansion
7005,Expansion
7006,Expansion
7007,Expansion
7008,Expansion
7009,Expansion
7010,Expansion
7011,Expansion
7012,Expansion
7013,Expansion
7014,Expansion
7015,Expansion
7016,Expansion
7017,Expansion
7018,Expansion
7019,Expansion
7020,Expansion
7021,Expansion
7022,Expansion
7023,Expansion
7024,Expansion
7025,Expansion
7026,Expansion
7027,Expansion
7028,Expansion
7029,Expansion
7030,Expansion
7031,Expansion
7032,Expansion
7033,Expansion
7034,Expansion
7035,Expansion
7036,Expansion
7037,Expansion
7038,Expansion
7039,Expansion
7040,Expansion
7041,Expansion
7042,Expansion
7043,Expansion
7044,Expansion
7045,Expansion
7046,Expansion
7047,Expansion
7048,Expansion
7049,Expansion
7050,Expansion
7051,Expansion
7052,Expansion
7053,Expansion
7054,Expansion
7055,Expansion
7056,Expansion
7057,Expansion
7058,Expansion
7059,Expansion
7060,Expansion
7061,Expansion
7062,Expansion
7063,Expansion
7064,Expansion
7065,Expansion
7066,Expansion
7067,Expansion
7068,Expansion
7069,Expansion
7070,Expansion
7071,Expansion
7072,Expansion
7073,Expansion
7074,Expansion
7075,Expansion
7076,Expansion
7077,Expansion
7078,Expansion
7079,Expansion
7080,Expansion
7081,Expansion
7082,Expansion
7083,Expansion
7084,Expansion
7085,Expansion
7086,Expansion
7087,Expansion
7088,Expansion
7089,Expansion
7090,Expansion
7091,Expansion
7092,Expansion
7093,Expansion
7094,Expansion
7095,Expansion
7096,Expansion
7097,Expansion
7098,Expansion
7099,Expansion
7100,Expansion
7101,Expansion
7102,Expansion
7103,Expansion
7104,Expansion
7105,Expansion
7106,Expansion
7107,Expansion
7108,Expansion
7109,Expansion
7110,Expansion
7111,Expansion
7112,Expansion
7113,Expansion
7114,Expansion
7115,Expansion
7116,Expansion
7117,Expansion
7118,Expansion
7119,Expansion
7120,Expansion
7121,Expansion
7122,Expansion
7123,Expansion
7124,Expansion
7125,Expansion
7126,Expansion
7127,Expansion
7128,Expansion
7129,Expansion
7130,Expansion
7131,Expansion
7132,Expansion
7133,Expansion
7134,Expansion
7135,Expansion
7136,Expansion
7137,Expansion
7138,Expansion
7139,Expansion
7140,Expansion
7141,Expansion
7142,Expansion
7143,Expansion
7144,Expansion
7145,Expansion
7146,Expansion
7147,Expansion
7148,Expansion
7149,Expansion
7150,Expansion
7151,Expansion
7152,Expansion
7153,Expansion
7154,Expansion
7155,Expansion
7156,Expansion
7157,Expansion
7158,Expansion
7159,Expansion
7160,Expansion
7161,Expansion
7162,Expansion
7163,Expansion
7164,Expansion
7165,Expansion
7166,Expansion
7167,Expansion
7168,Expansion
7169,Expansion
7170,Expansion
7171,Expansion
7172,Expansion
7173,Expansion
7174,Expansion
7175,Expansion
7176,Expansion
7177,Expansion
7178,Expansion
7179,Expansion
7180,Expansion
7181,Expansion
7182,Expansion
7183,Expansion
7184,Expansion
7185,Expansion
7186,Expansion
7187,Expansion
7188,Expansion
7189,Expansion
7190,Expansion
7191,Expansion
7192,Expansion
7193,Expansion
7194,Expansion
7195,Expansion
7196,Expansion
7197,Expansion
7198,Expansion
7199,Expansion
7200,Expansion
7201,Expansion
7202,Expansion
7203,Expansion
7204,Expansion
7205,Expansion
7206,Expansion
7207,Expansion
7208,Expansion
7209,Expansion
7210,Expansion
7211,Expansion
7212,Expansion
7213,Expansion
7214,Expansion
7215,Expansion
7216,Expansion
7217,Expansion
7218,Expansion
7219,Expansion
7220,Expansion
7221,Expansion
7222,Expansion
7223,Expansion
7224,Expansion
7225,Expansion
7226,Expansion
7227,Expansion
7228,Expansion
7229,Expansion
7230,Expansion
7231,Expansion
7232,Expansion
7233,Expansion
7234,Expansion
7235,Expansion
7236,Expansion
7237,Expansion
7238,Expansion
7239,Expansion
7240,Expansion
7241,Expansion
7242,Expansion
7243,Expansion
7244,Expansion
7245,Expansion
7246,Expansion
7247,Expansion
7248,Expansion
7249,Expansion
7250,Expansion
7251,Expansion
7252,Expansion
7253,Expansion
7254,Expansion
7255,Expansion
7256,Expansion
7257,Expansion
7258,Expansion
7259,Expansion
7260,Expansion
7261,Expansion
7262,Expansion
7263,Expansion
7264,Expansion
7265,Expansion
7266,Expansion
7267,Expansion
7268,Expansion
7269,Expansion
7270,Expansion
7271,Expansion
7272,Expansion
7273,Expansion
7274,Expansion
7275,Expansion
7276,Expansion
7277,Expansion
7278,Expansion
7279,Expansion
7280,Expansion
7281,Expansion
7282,Expansion
7283,Expansion
7284,Expansion
7285,Expansion
7286,Expansion
7287,Expansion
7288,Expansion
7289,Expansion
7290,Expansion
7291,Expansion
7292,Expansion
7293,Expansion
7294,Expansion
7295,Expansion
7296,Expansion
7297,Expansion
7298,Expansion
7299,Expansion
7300,Expansion
7301,Expansion
7302,Expansion
7303,Expansion
7304,Expansion
7305,Expansion
7306,Expansion
7307,Expansion
7308,Expansion
7309,Expansion
7310,Expansion
7311,Expansion
7312,Expansion
7313,Expansion
7314,Expansion
7315,Expansion
7316,Expansion
7317,Expansion
7318,Expansion
7319,Expansion
7320,Expansion
7321,Expansion
7322,Expansion
7323,Expansion
7324,Expansion
7325,Expansion
7326,Expansion
7327,Expansion
7328,Expansion
7329,Expansion
7330,Expansion
7331,Expansion
7332,Expansion
7333,Expansion
7334,Expansion
7335,Expansion
7336,Expansion
7337,Expansion
7338,Expansion
7339,Expansion
7340,Expansion
7341,Expansion
7342,Expansion
7343,Expansion
7344,Expansion
7345,Expansion
7346,Expansion
7347,Expansion
7348,Expansion
7349,Expansion
7350,Expansion
7351,Expansion
7352,Expansion
7353,Expansion
7354,Expansion
7355,Expansion
7356,Expansion
7357,Expansion
7358,Expansion
7359,Expansion
7360,Expansion
7361,Expansion
7362,Expansion
7363,Expansion
7364,Expansion
7365,Expansion
7366,Expansion
7367,Expansion
7368,Expansion
7369,Expansion
7370,Expansion
7371,Expansion
7372,Expansion
7373,Expansion
7374,Expansion
7375,Expansion
7376,Expansion
7377,Expansion
7378,Expansion
7379,Expansion
7380,Expansion
7381,Expansion
7382,Expansion
7383,Expansion
7384,Expansion
7385,Expansion
7386,Expansion
7387,Expansion
7388,Expansion
7389,Expansion
7390,Expansion
7391,Expansion
7392,Expansion
7393,Expansion
7394,Expansion
7395,Expansion
7396,Expansion
7397,Expansion
7398,Expansion
7399,Expansion
7400,Expansion
7401,Expansion
7402,Expansion
7403,Expansion
7404,Expansion
7405,Expansion
7406,Expansion
7407,Expansion
7408,Expansion
7409,Expansion
7410,Expansion
7411,Expansion
7412,Expansion
7413,Expansion
7414,Expansion
7415,Expansion
7416,Expansion
7417,Expansion
7418,Expansion
7419,Expansion
7420,Expansion
7421,Expansion
7422,Expansion
7423,Expansion
7424,Expansion
7425,Expansion
7426,Expansion
7427,Expansion
7428,Expansion
7429,Expansion
7430,Expansion
7431,Expansion
7432,Expansion
7433,Expansion
7434,Expansion
7435,Expansion
7436,Expansion
7437,Expansion
7438,Expansion
7439,Expansion
7440,Expansion
7441,Expansion
7442,Expansion
7443,Expansion
7444,Expansion
7445,Expansion
7446,Expansion
7447,Expansion
7448,Expansion
7449,Expansion
7450,Expansion
7451,Expansion
7452,Expansion
7453,Expansion
7454,Expansion
7455,Expansion
7456,Expansion
7457,Expansion
7458,Expansion
7459,Expansion
7460,Expansion
7461,Expansion
7462,Expansion
7463,Expansion
7464,Expansion
7465,Expansion
7466,Expansion
7467,Expansion
7468,Expansion
7469,Expansion
7470,Expansion
7471,Expansion
7472,Expansion
7473,Expansion
7474,Expansion
7475,Expansion
7476,Expansion
7477,Expansion
7478,Expansion
7479,Expansion
7480,Expansion
7481,Expansion
7482,Expansion
7483,Expansion
7484,Expansion
7485,Expansion
7486,Expansion
7487,Expansion
7488,Expansion
7489,Expansion
7490,Expansion
7491,Expansion
7492,Expansion
7493,Expansion
7494,Expansion
7495,Expansion
7496,Expansion
7497,Expansion
7498,Expansion
7499,Expansion
7500,Expansion
7501,Expansion
7502,Expansion
7503,Expansion
7504,Expansion
7505,Expansion
7506,Expansion
7507,Expansion
7508,Expansion
7509,Expansion
7510,Expansion
7511,Expansion
7512,Expansion
7513,Expansion
7514,Expansion
7515,Expansion
7516,Expansion
7517,Expansion
7518,Expansion
7519,Expansion
7520,Expansion
7521,Expansion
7522,Expansion
7523,Expansion
7524,Expansion
7525,Expansion
7526,Expansion
7527,Expansion
7528,Expansion
7529,Expansion
7530,Expansion
7531,Expansion
7532,Expansion
7533,Expansion
7534,Expansion
7535,Expansion
7536,Expansion
7537,Expansion
7538,Expansion
7539,Expansion
7540,Expansion
7541,Expansion
7542,Expansion
7543,Expansion
7544,Expansion
7545,Expansion
7546,Expansion
7547,Expansion
7548,Expansion
7549,Expansion
7550,Expansion
7551,Expansion
7552,Expansion
7553,Expansion
7554,Expansion
7555,Expansion
7556,Expansion
7557,Expansion
7558,Expansion
7559,Expansion
7560,Expansion
7561,Expansion
7562,Expansion
7563,Expansion
7564,Expansion
7565,Expansion
7566,Expansion
7567,Expansion
7568,Expansion
7569,Expansion
7570,Expansion
7571,Expansion
7572,Expansion
7573,Expansion
7574,Expansion
7575,Expansion
7576,Expansion
7577,Expansion
7578,Expansion
7579,Expansion
7580,Expansion
7581,Expansion
7582,Expansion
7583,Expansion
7584,Expansion
7585,Expansion
7586,Expansion
7587,Expansion
7588,Expansion
7589,Expansion
7590,Expansion
7591,Expansion
7592,Expansion
7593,Expansion
7594,Expansion
7595,Expansion
7596,Expansion
7597,Expansion
7598,Expansion
7599,Expansion
7600,Expansion
7601,Expansion
7602,Expansion
7603,Expansion
7604,Expansion
7605,Expansion
7606,Expansion
7607,Expansion
7608,Expansion
7609,Expansion
7610,Expansion
7611,Expansion
7612,Expansion
7613,Expansion
7614,Expansion
7615,Expansion
7616,Expansion
7617,Expansion
7618,Expansion
7619,Expansion
7620,Expansion
7621,Expansion
7622,Expansion
7623,Expansion
7624,Expansion
7625,Expansion
7626,Expansion
7627,Expansion
7628,Expansion
7629,Expansion
7630,Expansion
7631,Expansion
7632,Expansion
7633,Expansion
7634,Expansion
7635,Expansion
7636,Expansion
7637,Expansion
7638,Expansion
